{
  "scifact_frozen": {
    "n_docs": 300,
    "n_tokens": 47460,
    "doc_pair_cos_mean": 0.5864935517311096,
    "doc_pair_cos_std": 0.11291588097810745,
    "tok_pair_cos_mean": 0.21393583714962006,
    "tok_pair_cos_std": 0.145567387342453,
    "doc_effective_rank": 9.862846317541385,
    "tok_effective_rank": 55.128449351691195,
    "doc_singular_values_top": [
      13.332132339477539,
      3.8493432998657227,
      2.8660881519317627,
      2.6420531272888184,
      2.3840887546539307,
      2.1460561752319336,
      2.0349864959716797,
      1.9073822498321533,
      1.7886712551116943,
      1.740425944328308,
      1.6568734645843506,
      1.6418464183807373,
      1.617121696472168,
      1.5283524990081787,
      1.4519151449203491,
      1.4389487504959106,
      1.4124507904052734,
      1.3774579763412476,
      1.3422096967697144,
      1.2996582984924316,
      1.2871538400650024,
      1.2382093667984009,
      1.2225724458694458,
      1.195450782775879,
      1.187361717224121,
      1.1412338018417358,
      1.1363904476165771,
      1.1015443801879883,
      1.0596309900283813,
      1.0564500093460083
    ],
    "tok_singular_values_top": [
      44.064876556396484,
      16.779277801513672,
      14.63162899017334,
      12.583295822143555,
      12.100455284118652,
      11.598339080810547,
      11.247176170349121,
      10.340035438537598,
      10.280826568603516,
      10.116911888122559,
      9.753135681152344,
      9.69914722442627,
      9.431384086608887,
      9.341084480285645,
      9.243182182312012,
      9.186869621276855,
      9.045467376708984,
      8.957969665527344,
      8.927250862121582,
      8.860150337219238,
      8.757108688354492,
      8.658488273620605,
      8.604631423950195,
      8.585897445678711,
      8.471393585205078,
      8.438365936279297,
      8.316096305847168,
      8.241615295410156,
      8.134051322937012,
      8.11709976196289
    ],
    "lora_vs_frozen_tok_cos_mean": 1.0,
    "lora_vs_frozen_tok_cos_median": 1.0,
    "lora_vs_frozen_tok_cos_std": 0.0,
    "lora_vs_frozen_doc_cos_mean": 1.0,
    "lora_vs_frozen_doc_cos_std": 0.0
  },
  "scifact_exp13_s42": {
    "n_docs": 300,
    "n_tokens": 47460,
    "doc_pair_cos_mean": 0.880897045135498,
    "doc_pair_cos_std": 0.05231054872274399,
    "tok_pair_cos_mean": 0.6537365913391113,
    "tok_pair_cos_std": 0.13141344487667084,
    "doc_effective_rank": 2.264116899789896,
    "tok_effective_rank": 8.600652478101601,
    "doc_singular_values_top": [
      16.261919021606445,
      2.253155469894409,
      1.6253634691238403,
      1.4193634986877441,
      1.354694128036499,
      1.2152541875839233,
      1.0999284982681274,
      1.0288078784942627,
      0.9843199849128723,
      0.9695915579795837,
      0.9115917682647705,
      0.8852866888046265,
      0.8592574000358582,
      0.812711775302887,
      0.8054319024085999,
      0.7958618402481079,
      0.739419162273407,
      0.7192732095718384,
      0.7145730257034302,
      0.7086936831474304,
      0.6778566241264343,
      0.6647342443466187,
      0.6515819430351257,
      0.6440507173538208,
      0.612390398979187,
      0.6061311364173889,
      0.5830779671669006,
      0.5770775675773621,
      0.567801833152771,
      0.5588656663894653
    ],
    "tok_singular_values_top": [
      72.9682846069336,
      11.567636489868164,
      10.788803100585938,
      9.05974292755127,
      8.468230247497559,
      7.949172496795654,
      7.614115238189697,
      7.108554363250732,
      6.980299949645996,
      6.7615885734558105,
      6.564394950866699,
      6.527298450469971,
      6.380924224853516,
      6.280134677886963,
      6.18722677230835,
      6.151761054992676,
      6.020567417144775,
      5.98942756652832,
      5.94266939163208,
      5.908756256103516,
      5.891242027282715,
      5.72995662689209,
      5.715407371520996,
      5.609044075012207,
      5.520691394805908,
      5.473714351654053,
      5.3974714279174805,
      5.36598539352417,
      5.336644649505615,
      5.2942962646484375
    ],
    "n_valid_tokens": 47460,
    "lora_vs_frozen_tok_cos_mean": 0.8197441101074219,
    "lora_vs_frozen_tok_cos_median": 0.8202118873596191,
    "lora_vs_frozen_tok_cos_std": 0.04017230495810509,
    "lora_vs_frozen_tok_cos_q05": 0.7527588605880737,
    "lora_vs_frozen_tok_cos_q95": 0.8842881321907043,
    "lora_vs_frozen_doc_cos_mean": 0.8200399875640869,
    "lora_vs_frozen_doc_cos_std": 0.016976460814476013,
    "tok_cos_histogram_bins": [
      0.5,
      0.5099999904632568,
      0.5199999809265137,
      0.5299999713897705,
      0.5400000214576721,
      0.550000011920929,
      0.5600000023841858,
      0.5699999928474426,
      0.5799999833106995,
      0.5899999737739563,
      0.6000000238418579,
      0.6100000143051147,
      0.6200000047683716,
      0.6299999952316284,
      0.6399999856948853,
      0.6499999761581421,
      0.6600000262260437,
      0.6700000166893005,
      0.6800000071525574,
      0.6899999976158142,
      0.699999988079071,
      0.7099999785423279,
      0.7200000286102295,
      0.7300000190734863,
      0.7400000095367432,
      0.75,
      0.7599999904632568,
      0.7699999809265137,
      0.7799999713897705,
      0.7900000214576721,
      0.800000011920929,
      0.8100000023841858,
      0.8199999928474426,
      0.8299999833106995,
      0.8399999737739563,
      0.8500000238418579,
      0.8600000143051147,
      0.8700000047683716,
      0.8799999952316284,
      0.8899999856948853,
      0.8999999761581421,
      0.9100000262260437,
      0.9200000166893005,
      0.9300000071525574,
      0.9399999976158142,
      0.949999988079071,
      0.9599999785423279,
      0.9700000286102295,
      0.9800000190734863,
      0.9900000095367432,
      1.0
    ],
    "tok_cos_histogram_counts": [
      0,
      0,
      0,
      0,
      0,
      0,
      0,
      0,
      0,
      0,
      0,
      0,
      0,
      0,
      2,
      2,
      8,
      13,
      32,
      54,
      119,
      189,
      305,
      513,
      868,
      1201,
      1789,
      2384,
      3131,
      3795,
      4382,
      4850,
      4678,
      4533,
      3975,
      3324,
      2585,
      1771,
      1149,
      764,
      443,
      268,
      170,
      93,
      51,
      16,
      3,
      0,
      0,
      0
    ]
  },
  "scifact_exp13_s1337": {
    "n_docs": 300,
    "n_tokens": 47460,
    "doc_pair_cos_mean": 0.8721762299537659,
    "doc_pair_cos_std": 0.05881572142243385,
    "tok_pair_cos_mean": 0.6409579515457153,
    "tok_pair_cos_std": 0.13494102656841278,
    "doc_effective_rank": 2.369613045375351,
    "tok_effective_rank": 9.107516269035221,
    "doc_singular_values_top": [
      16.183759689331055,
      2.370607852935791,
      1.7018563747406006,
      1.4870201349258423,
      1.4250882863998413,
      1.262103796005249,
      1.1324949264526367,
      1.062169075012207,
      1.0135689973831177,
      1.0021671056747437,
      0.944358766078949,
      0.9257413744926453,
      0.8905079364776611,
      0.8429049253463745,
      0.8312254548072815,
      0.8071241974830627,
      0.7614905834197998,
      0.7449875473976135,
      0.735758900642395,
      0.7178574800491333,
      0.6975612044334412,
      0.681236207485199,
      0.6640917658805847,
      0.6587486863136292,
      0.6294675469398499,
      0.622748613357544,
      0.5990965962409973,
      0.5918595790863037,
      0.5770931243896484,
      0.5718005895614624
    ],