{
  "dataset": "nfcorpus",
  "baseline_ndcg10": 0.3300154267875727,
  "summary": {
    "raw_mined": {
      "abs_ndcg10": 0.017863093331180357,
      "all_mean": -0.3121523334563923,
      "all_std": 0.000789619864485034,
      "hard_mean": -0.0895368157491293,
      "easy_mean": -0.5625947908770631,
      "n_seeds": 3
    },
    "mp3_relabel": {
      "abs_ndcg10": 0.021982225042871117,
      "all_mean": -0.30803320174470156,
      "all_std": 0.0009461419903167675,
      "hard_mean": -0.09057116247236124,
      "easy_mean": -0.5526779959260845,
      "n_seeds": 3
    },
    "avg_margin_mask": {
      "abs_ndcg10": 0.01691310789748085,
      "all_mean": -0.3131023188900918,
      "all_std": 0.0008239563549392931,
      "hard_mean": -0.09030989903180024,
      "easy_mean": -0.5637437912306699,
      "n_seeds": 3
    }
  },
  "per_seed": {
    "raw_mined": {
      "42": {
        "all": {
          "n": 323,
          "delta": -0.31315456170812095,
          "ci_lo": -0.3475357344299769,
          "ci_hi": -0.2794692997660263
        },
        "hard": {
          "n": 171,
          "delta": -0.09050462694560196,
          "ci_lo": -0.11414438387106132,
          "ci_hi": -0.06854892772894088
        },
        "easy": {
          "n": 152,
          "delta": -0.5636357383159548,
          "ci_lo": -0.6019658102491597,
          "ci_hi": -0.5250581956452954
        }
      },
      "1337": {
        "all": {
          "n": 323,
          "delta": -0.3112247182236575,
          "ci_lo": -0.34425896458654404,
          "ci_hi": -0.2774586228752847
        },
        "hard": {
          "n": 171,
          "delta": -0.089022614887641,
          "ci_lo": -0.11160129862560882,
          "ci_hi": -0.06704862035539486
        },
        "easy": {
          "n": 152,
          "delta": -0.561202084476676,
          "ci_lo": -0.6001007299882074,
          "ci_hi": -0.5235534850696256
        }
      },
      "2024": {
        "all": {
          "n": 323,
          "delta": -0.31207772043739845,
          "ci_lo": -0.346391203731353,
          "ci_hi": -0.27901559539094184
        },
        "hard": {
          "n": 171,
          "delta": -0.08908320541414491,
          "ci_lo": -0.11267898617462038,
          "ci_hi": -0.06685662555989025
        },
        "easy": {
          "n": 152,
          "delta": -0.5629465498385586,
          "ci_lo": -0.6015262718095392,
          "ci_hi": -0.5253379854079206
        }
      }
    },
    "mp3_relabel": {
      "42": {
        "all": {
          "n": 323,
          "delta": -0.30840805215153577,
          "ci_lo": -0.3427331238342006,
          "ci_hi": -0.27519045530715325
        },
        "hard": {
          "n": 171,
          "delta": -0.09170587068549005,
          "ci_lo": -0.11517061893669855,
          "ci_hi": -0.06956405139849381
        },
        "easy": {
          "n": 152,
          "delta": -0.5521980063008373,
          "ci_lo": -0.5916417703787104,
          "ci_hi": -0.5128744266455678
        }
      },
      "1337": {
        "all": {
          "n": 323,
          "delta": -0.3089581579408652,
          "ci_lo": -0.34180141427447386,
          "ci_hi": -0.27585784794030777
        },
        "hard": {
          "n": 171,
          "delta": -0.09113376011053465,
          "ci_lo": -0.11330666653911721,
          "ci_hi": -0.06973364515485447
        },
        "easy": {
          "n": 152,
          "delta": -0.554010605499987,
          "ci_lo": -0.5940266479885594,
          "ci_hi": -0.5143887001974401
        }
      },
      "2024": {
        "all": {
          "n": 323,
          "delta": -0.30673339514170384,
          "ci_lo": -0.3405843021926252,
          "ci_hi": -0.2738527485712635
        },
        "hard": {
          "n": 171,
          "delta": -0.08887385662105905,
          "ci_lo": -0.11233637830983711,
          "ci_hi": -0.06659758260587562
        },
        "easy": {
          "n": 152,
          "delta": -0.5518253759774292,
          "ci_lo": -0.5915843934650221,
          "ci_hi": -0.5131718685029703
        }
      }
    },
    "avg_margin_mask": {
      "42": {
        "all": {
          "n": 323,
          "delta": -0.3138836529325943,
          "ci_lo": -0.3483403714420827,
          "ci_hi": -0.28066161096575826
        },
        "hard": {
          "n": 171,
          "delta": -0.09169264417832615,
          "ci_lo": -0.11463776079077717,
          "ci_hi": -0.0700852521502493
        },
        "easy": {
          "n": 152,
          "delta": -0.5638485377811459,
          "ci_lo": -0.6021995335724682,
          "ci_hi": -0.525324189330297
        }
      },
      "1337": {
        "all": {
          "n": 323,
          "delta": -0.31196299043148235,
          "ci_lo": -0.34480721762339817,
          "ci_hi": -0.27832608786655644
        },
        "hard": {
          "n": 171,
          "delta": -0.08925041394152701,
          "ci_lo": -0.11129986815932459,
          "ci_hi": -0.06754699624697913
        },
        "easy": {
          "n": 152,
          "delta": -0.5625146389826822,
          "ci_lo": -0.6007769557473005,
          "ci_hi": -0.5254083169912371
        }
      },
      "2024": {
        "all": {
          "n": 323,
          "delta": -0.3134603133061989,
          "ci_lo": -0.3476919991458983,
          "ci_hi": -0.2805634722855669
        },
        "hard": {
          "n": 171,
          "delta": -0.08998663897554755,
          "ci_lo": -0.11328772025310971,
          "ci_hi": -0.0681190744739605
        },
        "easy": {
          "n": 152,
          "delta": -0.5648681969281816,
          "ci_lo": -0.6035199946184067,
          "ci_hi": -0.5272061224343402
        }
      }
    }
  }
}