{
  "all": {
    "n": 323,
    "delta": -0.3134603133061989,
    "ci_lo": -0.3476919991458983,
    "ci_hi": -0.2805634722855669
  },
  "hard": {
    "n": 171,
    "delta": -0.08998663897554755,
    "ci_lo": -0.11328772025310971,
    "ci_hi": -0.0681190744739605
  },
  "easy": {
    "n": 152,
    "delta": -0.5648681969281816,
    "ci_lo": -0.6035199946184067,
    "ci_hi": -0.5272061224343402
  }
}