{
  "scifact_phase_2b": {
    "label": "scifact_phase_2b",
    "n_docs": 300,
    "n_tokens": 47460,
    "doc_pair_cos_mean": 0.984735369682312,
    "doc_pair_cos_std": 0.009301557205617428,
    "tok_pair_cos_mean": 0.9425808787345886,
    "tok_pair_cos_std": 0.027133364230394363,
    "doc_effective_rank": 1.1393265500587864,
    "tok_effective_rank": 1.585171889750384,
    "doc_singular_values_top": [
      17.187400817871094,
      1.1054044961929321,
      0.629818856716156,
      0.5476385951042175,
      0.47998538613319397,
      0.41658639907836914,
      0.3821333348751068,
      0.35262271761894226,
      0.3355388939380646,
      0.31862545013427734,
      0.3128465414047241,
      0.2953566014766693,
      0.28370746970176697,
      0.28124889731407166,
      0.273939847946167,
      0.25770989060401917,
      0.24003760516643524,
      0.23631568253040314,
      0.226815328001976,
      0.2175074815750122,
      0.21640779078006744,
      0.21330755949020386,
      0.2090514749288559,
      0.20331716537475586,
      0.19378913938999176,
      0.1912776678800583,
      0.1861087530851364,
      0.18399423360824585,
      0.17873041331768036,
      0.1734962910413742
    ],
    "tok_singular_values_top": [
      86.85951232910156,
      6.901308059692383,
      6.04510498046875,
      4.321597576141357,
      3.6871392726898193,
      3.6329360008239746,
      3.4268836975097656,
      3.0951523780822754,
      2.9439496994018555,
      2.8341481685638428,
      2.6964805126190186,
      2.666027784347534,
      2.5829286575317383,
      2.537243604660034,
      2.4975264072418213,
      2.4942214488983154,
      2.4479012489318848,
      2.3991472721099854,
      2.3550190925598145,
      2.33725905418396,
      2.2903170585632324,
      2.243028163909912,
      2.228043794631958,
      2.1864001750946045,
      2.174391508102417,
      2.146390199661255,
      2.1318211555480957,
      2.101726531982422,
      2.0809736251831055,
      2.0447161197662354
    ]
  },
  "scifact_m1": {
    "label": "scifact_m1",
    "n_docs": 300,
    "n_tokens": 47460,
    "doc_pair_cos_mean": 0.9851890802383423,
    "doc_pair_cos_std": 0.00915214791893959,
    "tok_pair_cos_mean": 0.9431595206260681,
    "tok_pair_cos_std": 0.026919860392808914,
    "doc_effective_rank": 1.1350405317420362,
    "tok_effective_rank": 1.5778540191816808,
    "doc_singular_values_top": [
      17.191431045532227,
      1.0941603183746338,
      0.6287214159965515,
      0.5423979163169861,
      0.46781492233276367,
      0.412143737077713,
      0.37298399209976196,
      0.3512512445449829,
      0.32925984263420105,
      0.3153654932975769,
      0.30724066495895386,
      0.2929514944553375,
      0.2816740870475769,
      0.2763236463069916,
      0.2682415246963501,
      0.25270378589630127,
      0.23480071127414703,
      0.23059949278831482,
      0.22264352440834045,
      0.21380499005317688,
      0.21143729984760284,
      0.20927979052066803,
      0.2068779170513153,
      0.19745013117790222,
      0.1884239912033081,
      0.1863904595375061,
      0.18166865408420563,
      0.17905348539352417,
      0.17477257549762726,
      0.17074549198150635
    ],
    "tok_singular_values_top": [
      86.88481140136719,
      7.011481285095215,
      6.0133376121521,
      4.312893390655518,
      3.70566987991333,
      3.6102120876312256,
      3.397279739379883,
      3.049344301223755,
      2.9230613708496094,
      2.824319362640381,
      2.6948635578155518,
      2.6436455249786377,
      2.5676050186157227,
      2.5345709323883057,
      2.482667922973633,
      2.4610626697540283,
      2.416111469268799,
      2.393536329269409,
      2.3432629108428955,
      2.3260467052459717,
      2.284576892852783,
      2.2165966033935547,
      2.2070603370666504,
      2.1645407676696777,
      2.1599395275115967,
      2.1280155181884766,
      2.1113290786743164,
      2.0781750679016113,
      2.0567638874053955,
      2.026763916015625
    ]
  },
  "scifact_m1b": {
    "label": "scifact_m1b",
    "n_docs": 300,
    "n_tokens": 47460,
    "doc_pair_cos_mean": 0.6557120084762573,
    "doc_pair_cos_std": 0.09934169799089432,
    "tok_pair_cos_mean": 0.27667534351348877,
    "tok_pair_cos_std": 0.14972633123397827,
    "doc_effective_rank": 7.290508586518939,
    "tok_effective_rank": 44.60200088177475,
    "doc_singular_values_top": [
      14.07419204711914,
      3.45088267326355,
      2.6665210723876953,
      2.3659188747406006,
      2.154099464416504,
      1.9870795011520386,
      1.8880655765533447,
      1.7467275857925415,
      1.6061079502105713,
      1.5914850234985352,
      1.530995488166809,
      1.4969810247421265,
      1.4884514808654785,
      1.3693524599075317,
      1.3407044410705566,
      1.3232146501541138,
      1.3130604028701782,
      1.2581346035003662,
      1.2373379468917847,
      1.1925259828567505,
      1.1745388507843018,
      1.1583765745162964,
      1.125704050064087,
      1.105744481086731,
      1.0754390954971313,
      1.07191002368927,
      1.021194338798523,
      1.0199414491653442,
      1.0026111602783203,
      0.9781904220581055
    ],
    "tok_singular_values_top": [
      49.28858184814453,
      15.520002365112305,
      13.983938217163086,
      12.148469924926758,
      11.484037399291992,
      11.187792778015137,
      10.534954071044922,
      10.08432674407959,
      9.826715469360352,
      9.73718547821045,
      9.382087707519531,
      9.210646629333496,
      9.02055549621582,
      8.927764892578125,
      8.800459861755371,
      8.753214836120605,
      8.718302726745605,
      8.691359519958496,
      8.588165283203125,
      8.564896583557129,
      8.432827949523926,
      8.315149307250977,
      8.245420455932617,
      8.20887565612793,
      8.17373275756836,
      8.014328956604004,
      7.985818386077881,
      7.886282920837402,
      7.830952167510986,
      7.779082775115967
    ]
  },
  "nfcorpus_phase_2b": {
    "label": "nfcorpus_phase_2b",
    "n_docs": 300,
    "n_tokens": 46563,
    "doc_pair_cos_mean": 0.9900657534599304,
    "doc_pair_cos_std": 0.005616153124719858,
    "tok_pair_cos_mean": 0.9388343095779419,
    "tok_pair_cos_std": 0.029821638017892838,
    "doc_effective_rank": 1.0934392839455531,
    "tok_effective_rank": 1.6204029716259596,
    "doc_singular_values_top": [
      17.234392166137695,
      0.7144251465797424,
      0.6202982068061829,
      0.4793693721294403,
      0.428128719329834,
      0.39160534739494324,
      0.3607073724269867,
      0.31493625044822693,
      0.29242390394210815,
      0.2806699275970459,
      0.27529874444007874,
      0.2663162350654602,
      0.24707475304603577,
      0.23726996779441833,
      0.23083044588565826,
      0.21798217296600342,
      0.20953723788261414,
      0.1956203728914261,
      0.18659934401512146,
      0.17746494710445404,
      0.17372636497020721,
      0.1666669249534607,
      0.16282841563224792,
      0.14924268424510956,
      0.1457994133234024,
      0.1433263123035431,
      0.13944879174232483,
      0.13660530745983124,
      0.13394327461719513,
      0.13083019852638245
    ],
    "tok_singular_values_top": [
      86.69261169433594,
      7.883763313293457,
      6.008316516876221,
      4.859926700592041,
      3.6357297897338867,
      3.5175907611846924,
      3.302656888961792,
      3.14739727973938,
      3.0901341438293457,
      2.925569772720337,
      2.794160842895508,
      2.7503244876861572,
      2.7045626640319824,
      2.668745279312134,
      2.6096792221069336,
      2.57138729095459,
      2.517875909805298,
      2.478316307067871,
      2.4487762451171875,
      2.3930587768554688,
      2.385057210922241,
      2.3213305473327637,
      2.3031036853790283,
      2.2326953411102295,
      2.220693349838257,
      2.189458131790161,
      2.1431198120117188,
      2.127164602279663,
      2.1089282035827637,
      2.064326763153076
    ]
  },