{
  "all": {
    "n": 323,
    "delta": -0.3138836529325943,
    "ci_lo": -0.3483403714420827,
    "ci_hi": -0.28066161096575826
  },
  "hard": {
    "n": 171,
    "delta": -0.09169264417832615,
    "ci_lo": -0.11463776079077717,
    "ci_hi": -0.0700852521502493
  },
  "easy": {
    "n": 152,
    "delta": -0.5638485377811459,
    "ci_lo": -0.6021995335724682,
    "ci_hi": -0.525324189330297
  }
}