{
  "all": {
    "n": 323,
    "delta": -0.31196299043148235,
    "ci_lo": -0.34480721762339817,
    "ci_hi": -0.27832608786655644
  },
  "hard": {
    "n": 171,
    "delta": -0.08925041394152701,
    "ci_lo": -0.11129986815932459,
    "ci_hi": -0.06754699624697913
  },
  "easy": {
    "n": 152,
    "delta": -0.5625146389826822,
    "ci_lo": -0.6007769557473005,
    "ci_hi": -0.5254083169912371
  }
}