{
  "all": {
    "n": 323,
    "delta": -0.31207772043739845,
    "ci_lo": -0.346391203731353,
    "ci_hi": -0.27901559539094184
  },
  "hard": {
    "n": 171,
    "delta": -0.08908320541414491,
    "ci_lo": -0.11267898617462038,
    "ci_hi": -0.06685662555989025
  },
  "easy": {
    "n": 152,
    "delta": -0.5629465498385586,
    "ci_lo": -0.6015262718095392,
    "ci_hi": -0.5253379854079206
  }
}