{
  "all": {
    "n": 323,
    "delta": -0.3112247182236575,
    "ci_lo": -0.34425896458654404,
    "ci_hi": -0.2774586228752847
  },
  "hard": {
    "n": 171,
    "delta": -0.089022614887641,
    "ci_lo": -0.11160129862560882,
    "ci_hi": -0.06704862035539486
  },
  "easy": {
    "n": 152,
    "delta": -0.561202084476676,
    "ci_lo": -0.6001007299882074,
    "ci_hi": -0.5235534850696256
  }
}