{
  "all": {
    "n": 323,
    "delta": -0.30840805215153577,
    "ci_lo": -0.3427331238342006,
    "ci_hi": -0.27519045530715325
  },
  "hard": {
    "n": 171,
    "delta": -0.09170587068549005,
    "ci_lo": -0.11517061893669855,
    "ci_hi": -0.06956405139849381
  },
  "easy": {
    "n": 152,
    "delta": -0.5521980063008373,
    "ci_lo": -0.5916417703787104,
    "ci_hi": -0.5128744266455678
  }
}