{
  "scifact_frozen": {
    "n_docs": 300,
    "n_tokens": 47460,
    "doc_pair_cos_mean": 0.5864935517311096,
    "doc_pair_cos_std": 0.11291588097810745,
    "tok_pair_cos_mean": 0.21393583714962006,
    "tok_pair_cos_std": 0.145567387342453,
    "doc_effective_rank": 9.862846317541385,
    "tok_effective_rank": 55.128449351691195,
    "doc_singular_values_top": [
      13.332132339477539,
      3.8493432998657227,
      2.8660881519317627,
      2.6420531272888184,
      2.3840887546539307,
      2.1460561752319336,
      2.0349864959716797,
      1.9073822498321533,
      1.7886712551116943,
      1.740425944328308,
      1.6568734645843506,
      1.6418464183807373,
      1.617121696472168,
      1.5283524990081787,
      1.4519151449203491,
      1.4389487504959106,
      1.4124507904052734,
      1.3774579763412476,
      1.3422096967697144,
      1.2996582984924316,
      1.2871538400650024,
      1.2382093667984009,
      1.2225724458694458,
      1.195450782775879,
      1.187361717224121,
      1.1412338018417358,
      1.1363904476165771,
      1.1015443801879883,
      1.0596309900283813,
      1.0564500093460083
    ],
    "tok_singular_values_top": [
      44.064876556396484,
      16.779277801513672,
      14.63162899017334,
      12.583295822143555,
      12.100455284118652,
      11.598339080810547,
      11.247176170349121,
      10.340035438537598,
      10.280826568603516,
      10.116911888122559,
      9.753135681152344,
      9.69914722442627,
      9.431384086608887,
      9.341084480285645,
      9.243182182312012,
      9.186869621276855,
      9.045467376708984,
      8.957969665527344,
      8.927250862121582,
      8.860150337219238,
      8.757108688354492,
      8.658488273620605,
      8.604631423950195,
      8.585897445678711,
      8.471393585205078,
      8.438365936279297,
      8.316096305847168,
      8.241615295410156,
      8.134051322937012,
      8.11709976196289
    ],
    "lora_vs_frozen_tok_cos_mean": 1.0,
    "lora_vs_frozen_tok_cos_median": 1.0,
    "lora_vs_frozen_tok_cos_std": 0.0,
    "lora_vs_frozen_doc_cos_mean": 1.0,
    "lora_vs_frozen_doc_cos_std": 0.0
  },
  "scifact_exp14_s42": {
    "n_docs": 300,
    "n_tokens": 47460,
    "doc_pair_cos_mean": 0.9835399389266968,
    "doc_pair_cos_std": 0.0097373491153121,
    "tok_pair_cos_mean": 0.9401555061340332,
    "tok_pair_cos_std": 0.029788987711071968,
    "doc_effective_rank": 1.1513812952293163,
    "tok_effective_rank": 1.6167011689035031,
    "doc_singular_values_top": [
      17.176855087280273,
      1.0786857604980469,
      0.6699872016906738,
      0.5699299573898315,
      0.4899818003177643,
      0.4467901587486267,
      0.4201987087726593,
      0.37226343154907227,
      0.3608766794204712,
      0.343781977891922,
      0.33252793550491333,
      0.3133230209350586,
      0.3070825934410095,
      0.2928801476955414,
      0.28018197417259216,
      0.2675570249557495,
      0.2665867805480957,
      0.25339841842651367,
      0.23909816145896912,
      0.2348007708787918,
      0.23177851736545563,
      0.22652603685855865,
      0.21640042960643768,
      0.21157701313495636,
      0.2075149416923523,
      0.20286905765533447,
      0.19970981776714325,
      0.1940200924873352,
      0.18733619153499603,
      0.1872120201587677
    ],
    "tok_singular_values_top": [
      86.74911499023438,
      6.625175476074219,
      5.892092704772949,
      4.474628448486328,
      3.8253300189971924,
      3.663212537765503,
      3.4115355014801025,
      3.1896562576293945,
      3.06862735748291,
      2.9665472507476807,
      2.8023650646209717,
      2.736757278442383,
      2.667783737182617,
      2.6484553813934326,
      2.5991616249084473,
      2.5637378692626953,
      2.496176242828369,
      2.4555327892303467,
      2.424701690673828,
      2.3719022274017334,
      2.3501479625701904,
      2.3260011672973633,
      2.3043737411499023,
      2.261248826980591,
      2.2471842765808105,
      2.2147464752197266,
      2.195784091949463,
      2.166860818862915,
      2.153754711151123,
      2.1348509788513184
    ],
    "n_valid_tokens": 47460,
    "lora_vs_frozen_tok_cos_mean": 0.4711063504219055,
    "lora_vs_frozen_tok_cos_median": 0.4663006067276001,
    "lora_vs_frozen_tok_cos_std": 0.09391792118549347,
    "lora_vs_frozen_tok_cos_q05": 0.3233022093772888,
    "lora_vs_frozen_tok_cos_q95": 0.6376605033874512,
    "lora_vs_frozen_doc_cos_mean": 0.4712812304496765,
    "lora_vs_frozen_doc_cos_std": 0.03784547746181488,
    "tok_cos_histogram_bins": [
      0.0,
      0.019999999552965164,
      0.03999999910593033,
      0.05999999865889549,
      0.07999999821186066,
      0.10000000149011612,
      0.11999999731779099,
      0.14000000059604645,
      0.1599999964237213,
      0.18000000715255737,
      0.20000000298023224,
      0.2199999988079071,
      0.23999999463558197,
      0.25999999046325684,
      0.2800000011920929,
      0.30000001192092896,
      0.3199999928474426,
      0.3400000035762787,
      0.36000001430511475,
      0.3799999952316284,
      0.4000000059604645,
      0.41999998688697815,
      0.4399999976158142,
      0.46000000834465027,
      0.47999998927116394,
      0.5,
      0.5199999809265137,
      0.5400000214576721,
      0.5600000023841858,
      0.5799999833106995,
      0.6000000238418579,
      0.6200000047683716,
      0.6399999856948853,
      0.6600000262260437,
      0.6800000071525574,
      0.699999988079071,
      0.7200000286102295,
      0.7400000095367432,
      0.7599999904632568,
      0.7799999713897705,
      0.800000011920929,
      0.8199999928474426,
      0.8399999737739563,
      0.8600000143051147,
      0.8799999952316284,
      0.8999999761581421,
      0.9200000166893005,
      0.9399999976158142,
      0.9599999785423279,
      0.9800000190734863,
      1.0
    ],
    "tok_cos_histogram_counts": [
      0,
      0,
      0,
      0,
      0,
      3,
      3,
      7,
      14,
      21,
      51,
      103,
      203,
      354,
      566,
      870,
      1325,
      1773,
      2363,
      3104,
      3541,
      3907,
      4194,
      4071,
      3882,
      3523,
      3018,
      2370,
      2000,
      1581,
      1270,
      1106,
      831,
      551,
      413,
      248,
      136,
      45,
      13,
      0,
      0,
      0,
      0,
      0,
      0,
      0,
      0,
      0,
      0,
      0
    ]
  },
  "scifact_exp14_s1337": {
    "n_docs": 300,
    "n_tokens": 47460,
    "doc_pair_cos_mean": 0.9118099808692932,
    "doc_pair_cos_std": 0.0475119948387146,
    "tok_pair_cos_mean": 0.7924711108207703,
    "tok_pair_cos_std": 0.09335555136203766,
    "doc_effective_rank": 1.8518595434619556,
    "tok_effective_rank": 4.040021068438837,
    "doc_singular_values_top": [
      16.542142868041992,
      2.1701183319091797,
      1.4821228981018066,
      1.340987205505371,
      1.2111735343933105,
      1.0775173902511597,
      0.9461122155189514,
      0.8666942119598389,
      0.829954981803894,
      0.8193820118904114,
      0.8077681064605713,
      0.7697716951370239,
      0.7366068363189697,
      0.6895926594734192,
      0.6752235293388367,
      0.6504573225975037,
      0.6109163165092468,
      0.6073744893074036,
      0.5830308198928833,
      0.5692022442817688,
      0.5540586113929749,
      0.5454421639442444,
      0.5303246974945068,
      0.5270669460296631,
      0.5043174028396606,
      0.49887651205062866,
      0.47932732105255127,
      0.4645572602748871,
      0.46000558137893677,
      0.452597439289093
    ],