{
  "all": {
    "n": 323,
    "delta": -0.31315456170812095,
    "ci_lo": -0.3475357344299769,
    "ci_hi": -0.2794692997660263
  },
  "hard": {
    "n": 171,
    "delta": -0.09050462694560196,
    "ci_lo": -0.11414438387106132,
    "ci_hi": -0.06854892772894088
  },
  "easy": {
    "n": 152,
    "delta": -0.5636357383159548,
    "ci_lo": -0.6019658102491597,
    "ci_hi": -0.5250581956452954
  }
}