{
  "all": {
    "n": 323,
    "delta": -0.3089581579408652,
    "ci_lo": -0.34180141427447386,
    "ci_hi": -0.27585784794030777
  },
  "hard": {
    "n": 171,
    "delta": -0.09113376011053465,
    "ci_lo": -0.11330666653911721,
    "ci_hi": -0.06973364515485447
  },
  "easy": {
    "n": 152,
    "delta": -0.554010605499987,
    "ci_lo": -0.5940266479885594,
    "ci_hi": -0.5143887001974401
  }
}