{
  "all": {
    "n": 323,
    "delta": -0.30673339514170384,
    "ci_lo": -0.3405843021926252,
    "ci_hi": -0.2738527485712635
  },
  "hard": {
    "n": 171,
    "delta": -0.08887385662105905,
    "ci_lo": -0.11233637830983711,
    "ci_hi": -0.06659758260587562
  },
  "easy": {
    "n": 152,
    "delta": -0.5518253759774292,
    "ci_lo": -0.5915843934650221,
    "ci_hi": -0.5131718685029703
  }
}