{
  "test": {
    "split": "test",
    "n_queries": 300,
    "n_confused": 137,
    "n_easy": 163,
    "frac_confused": 0.45666666666666667,
    "auc_margin_predicts_confused": 0.8361918409386055,
    "auc_top1_predicts_confused": 0.7636021673906229,
    "margin_stats": {
      "mean": 2.428520418802897,
      "std": 2.4247514647168518,
      "median": 1.5210952758789062,
      "min": 0.01050567626953125,
      "max": 12.373856544494629
    },
    "margin_by_class": {
      "confused_mean": 0.9858921009258632,
      "confused_median": 0.7034053802490234,
      "easy_mean": 3.6410362442578275,
      "easy_median": 3.1399879455566406
    },
    "_margins_confused": [
      0.193695068359375,
      0.6986904144287109,
      0.5471343994140625,
      0.7034053802490234,
      0.4961738586425781,
      0.6342239379882812,
      0.9506988525390625,
      0.05192852020263672,
      0.4493722915649414,
      1.2080574035644531,
      0.4651145935058594,
      0.18713951110839844,
      0.0488433837890625,
      0.2653827667236328,
      1.4231910705566406,
      0.6691074371337891,
      0.4944419860839844,
      2.663515090942383,
      0.7489547729492188,
      3.6032371520996094,
      0.5436801910400391,
      0.1730518341064453,
      1.8325653076171875,
      1.2249279022216797,
      1.9482707977294922,
      3.413198471069336,
      0.931243896484375,
      0.3599815368652344,
      1.758920669555664,
      0.3062286376953125,
      0.5392093658447266,
      2.794734001159668,
      0.9664421081542969,
      0.7075920104980469,
      4.287937164306641,
      0.7356624603271484,
      0.4728069305419922,
      1.8454780578613281,
      1.036895751953125,
      1.9545040130615234,
      0.37975120544433594,
      0.4934883117675781,
      1.6040191650390625,
      0.6333522796630859,
      2.5629806518554688,
      2.651763916015625,
      0.17287826538085938,
      0.9938087463378906,
      0.5694122314453125,
      1.280904769897461,
      0.13446998596191406,
      0.01050567626953125,
      1.7011966705322266,
      0.4249153137207031,
      0.4280242919921875,
      1.0260658264160156,
      0.3705291748046875,
      0.18154335021972656,
      0.15656280517578125,
      1.7901363372802734,
      0.3043346405029297,
      0.6170787811279297,
      0.5510835647583008,
      2.0240211486816406,
      0.42956066131591797,
      1.8876113891601562,
      1.5013542175292969,
      0.11124229431152344,
      0.08937644958496094,
      0.07271003723144531,
      0.8533935546875,
      0.8046131134033203,
      0.9525413513183594,
      2.986968994140625,
      1.4084129333496094,
      1.2040176391601562,
      0.649078369140625,
      0.3517265319824219,
      0.7389144897460938,
      0.7757987976074219,
      2.1007423400878906,
      0.8216018676757812,
      1.028071403503418,
      0.8578929901123047,
      0.7043628692626953,
      0.23622512817382812,
      4.630859375,
      1.860879898071289,
      0.5370330810546875,
      1.503936767578125,
      0.7133464813232422,
      1.2046012878417969,
      0.045047760009765625,
      1.2989082336425781,
      0.3097953796386719,
      1.4890460968017578,
      0.6819343566894531,
      0.7869424819946289,
      0.06919288635253906,
      0.09663200378417969,
      0.5455265045166016,
      0.5288600921630859,
      0.6505393981933594,
      0.04766845703125,
      1.2994766235351562,
      0.9645862579345703,
      0.80560302734375,
      0.3467369079589844,
      0.5662097930908203,
      1.3769283294677734,
      3.596710205078125,
      1.9325342178344727,
      0.6936492919921875,
      0.3286724090576172,
      1.1727399826049805,
      1.7165145874023438,
      0.36409568786621094,
      0.40313720703125,
      0.6397590637207031,
      0.37900733947753906,
      0.10130500793457031,
      0.037845611572265625,
      1.2543964385986328,
      0.12461280822753906,
      0.2050914764404297,
      1.736572265625,
      1.8451786041259766,
      2.6754188537597656,
      2.7644004821777344,
      1.1679363250732422,
      0.15193557739257812,
      1.0060348510742188,
      0.03471851348876953,
      0.04087352752685547,
      0.04846954345703125,
      1.9073352813720703,
      0.4132976531982422
    ],