{
  "seeds": {
    "42": {
      "seed": 42,
      "n_queries": 300,
      "n_confused": 137,
      "n_easy": 163,
      "all": {
        "n": 300,
        "oracle_mean_delta": 0.041668788412769574,
        "oracle_ci": [
          0.01820888707377018,
          0.06618743890684052
        ],
        "phase2b_mean_delta": -0.009935462253036214,
        "phase2b_ci": [
          -0.043771207653765534,
          0.023389958842619744
        ],
        "ndcg_baseline_mean": 0.6464095536491115,
        "ndcg_lora_mean": 0.6366754703053634,
        "ndcg_oracle_mean": 0.6881115280202317
      },
      "confused": {
        "n": 137,
        "oracle_mean_delta": 0.09081902391374432,
        "oracle_ci": [
          0.03955484929619495,
          0.14271400067793794
        ],
        "phase2b_mean_delta": 0.09081902391374432,
        "phase2b_ci": [
          0.03955484929619495,
          0.14271400067793794
        ],
        "ndcg_baseline_mean": 0.23768262221274422,
        "ndcg_lora_mean": 0.3290008142662919,
        "ndcg_oracle_mean": 0.3290008142662919
      },
      "easy": {
        "n": 163,
        "oracle_mean_delta": 0.0,
        "oracle_ci": [
          0.0,
          0.0
        ],
        "phase2b_mean_delta": -0.0949825421091918,
        "phase2b_ci": [
          -0.13495139315834917,
          -0.058022031855217655
        ],
        "ndcg_baseline_mean": 0.9899407782305982,
        "ndcg_lora_mean": 0.8952731873443377,
        "ndcg_oracle_mean": 0.9899407782305982
      }
    },
    "1337": {
      "seed": 1337,
      "n_queries": 300,
      "n_confused": 137,
      "n_easy": 163,
      "all": {
        "n": 300,
        "oracle_mean_delta": 0.04438459268409282,
        "oracle_ci": [
          0.020888737373446774,
          0.06858354501143282
        ],
        "phase2b_mean_delta": -0.0042929324502282125,
        "phase2b_ci": [
          -0.03771611268869319,
          0.02897453911105191
        ],
        "ndcg_baseline_mean": 0.6464095536491115,
        "ndcg_lora_mean": 0.6423181389507805,
        "ndcg_oracle_mean": 0.6908064717243809
      },
      "confused": {
        "n": 137,
        "oracle_mean_delta": 0.09676894346487637,
        "oracle_ci": [
          0.04441137165978643,
          0.14831214788891578
        ],
        "phase2b_mean_delta": 0.09676894346487637,
        "phase2b_ci": [
          0.04441137165978643,
          0.14831214788891578
        ],
        "ndcg_baseline_mean": 0.23768262221274422,
        "ndcg_lora_mean": 0.33490215084472097,
        "ndcg_oracle_mean": 0.33490215084472097
      },
      "easy": {
        "n": 163,
        "oracle_mean_delta": 0.0,
        "oracle_ci": [
          0.0,
          0.0
        ],
        "phase2b_mean_delta": -0.08951805217753918,
        "phase2b_ci": [
          -0.1289778076487611,
          -0.053528416553108304
        ],
        "ndcg_baseline_mean": 0.9899407782305982,
        "ndcg_lora_mean": 0.900698447972438,
        "ndcg_oracle_mean": 0.9899407782305982
      }
    },
    "2024": {
      "seed": 2024,
      "n_queries": 300,
      "n_confused": 137,
      "n_easy": 163,
      "all": {
        "n": 300,
        "oracle_mean_delta": 0.056308607906780085,
        "oracle_ci": [
          0.032833479491815816,
          0.08134148974700212
        ],
        "phase2b_mean_delta": 0.01735237229112646,
        "phase2b_ci": [
          -0.014211708402793713,
          0.04913772151707348
        ],
        "ndcg_baseline_mean": 0.6464095536491115,
        "ndcg_lora_mean": 0.6638858572079084,
        "ndcg_oracle_mean": 0.7027145973588211
      },
      "confused": {
        "n": 137,
        "oracle_mean_delta": 0.12295956271907243,
        "oracle_ci": [
          0.07270109124236455,
          0.1742507982925789
        ],
        "phase2b_mean_delta": 0.12295956271907243,
        "phase2b_ci": [
          0.07270109124236455,
          0.1742507982925789
        ],
        "ndcg_baseline_mean": 0.23768262221274422,
        "ndcg_lora_mean": 0.3609783383653931,
        "ndcg_oracle_mean": 0.3609783383653931
      },
      "easy": {
        "n": 163,
        "oracle_mean_delta": 0.0,
        "oracle_ci": [
          0.0,
          0.0
        ],
        "phase2b_mean_delta": -0.0718322973168271,
        "phase2b_ci": [
          -0.1062005448602313,
          -0.040564047360617805
        ],
        "ndcg_baseline_mean": 0.9899407782305982,
        "ndcg_lora_mean": 0.9184768393025379,
        "ndcg_oracle_mean": 0.9899407782305982
      }
    }
  },
  "3seed_mean": {
    "all": {
      "oracle_mean": 0.04745399633454749,
      "oracle_std": 0.007787618877511335,
      "phase2b_mean": 0.0010413258626206779,
      "phase2b_std": 0.014404763529421353
    },
    "confused": {
      "oracle_mean": 0.1035158433658977,
      "oracle_std": 0.017099533688963626,
      "phase2b_mean": 0.1035158433658977,
      "phase2b_std": 0.017099533688963626
    },
    "easy": {
      "oracle_mean": 0.0,
      "oracle_std": 0.0,
      "phase2b_mean": -0.08544429720118603,
      "phase2b_std": 0.012100829235722806
    }
  }
}