{
  "scifact_exp11_s42": {
    "n_docs": 300,
    "n_tokens": 47460,
    "doc_pair_cos_mean": 0.9010424613952637,
    "doc_pair_cos_std": 0.04490421712398529,
    "tok_pair_cos_mean": 0.6753210425376892,
    "tok_pair_cos_std": 0.12959915399551392,
    "doc_effective_rank": 2.007974969175481,
    "tok_effective_rank": 7.688561784236719,
    "doc_singular_values_top": [
      16.444204330444336,
      2.1197681427001953,
      1.4802672863006592,
      1.3063074350357056,
      1.2300629615783691,
      1.0932660102844238,
      0.9865147471427917,
      0.9291247129440308,
      0.9039059281349182,
      0.8829483389854431,
      0.8299803733825684,
      0.8021670579910278,
      0.7786438465118408,
      0.7373765707015991,
      0.7271206378936768,
      0.7265827655792236,
      0.6709023714065552,
      0.6474932432174683,
      0.6417838931083679,
      0.6408146619796753,
      0.6115409135818481,
      0.5999367237091064,
      0.590277373790741,
      0.5881016254425049,
      0.5542030334472656,
      0.548961341381073,
      0.5389600396156311,
      0.5237345695495605,
      0.5169995427131653,
      0.5046942234039307
    ],
    "tok_singular_values_top": [
      74.1102066040039,
      11.176746368408203,
      10.890820503234863,
      8.913949966430664,
      7.8970232009887695,
      7.6128153800964355,
      7.340153217315674,
      6.8889241218566895,
      6.715293884277344,
      6.457554340362549,
      6.428614616394043,
      6.3109893798828125,
      6.192924976348877,
      6.098917007446289,
      5.9624199867248535,
      5.909510135650635,
      5.832851886749268,
      5.767391681671143,
      5.745891571044922,
      5.703606128692627,
      5.640649318695068,
      5.56151008605957,
      5.490441799163818,
      5.44651985168457,
      5.36690092086792,
      5.326224327087402,
      5.254688262939453,
      5.2115797996521,
      5.1726508140563965,
      5.130936145782471
    ]
  },
  "scifact_exp11_s1337": {
    "n_docs": 300,
    "n_tokens": 47460,
    "doc_pair_cos_mean": 0.8934876918792725,
    "doc_pair_cos_std": 0.051840730011463165,
    "tok_pair_cos_mean": 0.6659119725227356,
    "tok_pair_cos_std": 0.13204702734947205,
    "doc_effective_rank": 2.089254188592861,
    "tok_effective_rank": 8.01468756406705,
    "doc_singular_values_top": [
      16.377113342285156,
      2.2424137592315674,
      1.5670970678329468,
      1.3685673475265503,
      1.303057074546814,
      1.1427528858184814,
      1.017772912979126,
      0.9597373604774475,
      0.9317819476127625,
      0.9184823036193848,
      0.8640661835670471,
      0.8406962752342224,
      0.8058813810348511,
      0.7634547352790833,
      0.7485334277153015,
      0.7348703145980835,
      0.6845923066139221,
      0.6701889038085938,
      0.6615065932273865,
      0.6451457142829895,
      0.6320141553878784,
      0.6152988076210022,
      0.6045060753822327,
      0.5969573259353638,
      0.5703386068344116,
      0.5640422701835632,
      0.5542871356010437,
      0.5351914167404175,
      0.525824785232544,
      0.5165597200393677
    ],
    "tok_singular_values_top": [
      73.63711547851562,
      11.707777976989746,
      11.145173072814941,
      9.174270629882812,
      8.20982551574707,
      7.816356658935547,
      7.583568572998047,
      7.113743782043457,
      6.8593668937683105,
      6.621378421783447,
      6.556257247924805,
      6.357209205627441,
      6.245384693145752,
      6.161276340484619,
      6.067392349243164,
      6.01345682144165,
      5.912639141082764,
      5.838528156280518,
      5.818744659423828,
      5.738713264465332,
      5.731760025024414,
      5.6161017417907715,
      5.569489002227783,
      5.519595623016357,
      5.369896411895752,
      5.334046363830566,
      5.2991533279418945,
      5.239490032196045,
      5.22174072265625,
      5.16621732711792
    ]
  },
  "scifact_exp11_s2024": {
    "n_docs": 300,
    "n_tokens": 47460,
    "doc_pair_cos_mean": 0.9349368810653687,
    "doc_pair_cos_std": 0.03366559371352196,
    "tok_pair_cos_mean": 0.5534756183624268,
    "tok_pair_cos_std": 0.13941636681556702,
    "doc_effective_rank": 1.6127326382901015,
    "tok_effective_rank": 13.180702802512727,
    "doc_singular_values_top": [
      16.747840881347656,
      2.145972490310669,
      1.0854332447052002,
      0.9805360436439514,
      0.9120689630508423,
      0.8225795030593872,
      0.756770133972168,
      0.703051745891571,
      0.6853086948394775,
      0.6555924415588379,
      0.6404290199279785,
      0.6058877110481262,
      0.599429190158844,
      0.5860796570777893,
      0.5513321161270142,
      0.5340744853019714,
      0.5203592777252197,
      0.512600839138031,
      0.4949004352092743,
      0.48868587613105774,
      0.47541344165802,
      0.4698535203933716,
      0.4553031921386719,
      0.4331437051296234,
      0.42499664425849915,
      0.4194507896900177,
      0.4135330021381378,
      0.4084204435348511,
      0.4059196710586548,
      0.39767515659332275
    ],
    "tok_singular_values_top": [
      67.36366271972656,
      20.703840255737305,
      10.798246383666992,
      10.234850883483887,
      8.588983535766602,
      8.266090393066406,
      8.14867115020752,
      7.729848384857178,
      7.662641525268555,
      7.361678123474121,
      7.195390224456787,
      7.083842754364014,
      7.044387340545654,
      6.948244571685791,
      6.818354606628418,
      6.762894630432129,
      6.704347610473633,
      6.580799579620361,
      6.574946403503418,
      6.480307102203369,
      6.423458576202393,
      6.343453407287598,
      6.302443504333496,
      6.199717044830322,
      6.1776323318481445,
      6.132770538330078,
      6.0786356925964355,
      5.978967189788818,
      5.939611911773682,
      5.8830413818359375
    ]
  },
  "scifact_m1plus1b": {
    "n_docs": 300,
    "n_tokens": 47460,
    "doc_pair_cos_mean": 0.6628415584564209,
    "doc_pair_cos_std": 0.09836544841527939,
    "tok_pair_cos_mean": 0.2852593958377838,
    "tok_pair_cos_std": 0.15068668127059937,
    "doc_effective_rank": 7.05036915234645,
    "tok_effective_rank": 43.1568480426414,
    "doc_singular_values_top": [
      14.148673057556152,
      3.432542324066162,
      2.6379432678222656,
      2.3388853073120117,
      2.1316192150115967,
      1.9642540216445923,
      1.8645546436309814,
      1.7273406982421875,
      1.5895572900772095,
      1.57455313205719,
      1.5141562223434448,
      1.4818302392959595,
      1.468834638595581,
      1.3541120290756226,
      1.3253068923950195,
      1.3087308406829834,
      1.299123764038086,
      1.244156837463379,
      1.2215051651000977,
      1.1846916675567627,
      1.1632417440414429,
      1.1436070203781128,
      1.113755464553833,
      1.0944277048110962,
      1.0629578828811646,
      1.059863805770874,
      1.0114798545837402,
      1.0106862783432007,
      0.9924534559249878,
      0.9693453311920166
    ],
    "tok_singular_values_top": [
      49.97368240356445,
      15.423394203186035,
      13.945867538452148,
      12.122542381286621,
      11.416179656982422,
      11.12273120880127,
      10.459832191467285,
      10.051445007324219,
      9.7946195602417,
      9.676962852478027,
      9.35513973236084,
      9.157283782958984,
      8.968097686767578,
      8.884872436523438,
      8.759488105773926,
      8.693532943725586,
      8.658393859863281,
      8.64823055267334,
      8.544902801513672,
      8.513521194458008,
      8.3805570602417,
      8.260822296142578,
      8.195899963378906,
      8.157854080200195,
      8.126789093017578,
      7.978546142578125,
      7.9333367347717285,
      7.8359551429748535,
      7.778576374053955,
      7.720888137817383
    ]
  },
  "nfcorpus_m1plus1b": {
    "n_docs": 300,
    "n_tokens": 46563,
    "doc_pair_cos_mean": 0.994857132434845,
    "doc_pair_cos_std": 0.0021408579777926207,
    "tok_pair_cos_mean": 0.9426813125610352,